{
  "root" : {
    "__class" : "RootNode",
    "children" : [
      {
        "__class" : "FrameNode",
        "aspectRatio" : null,
        "blendingEnabled" : 0,
        "blendingMode" : "normal",
        "blur" : 12,
        "blurEnabled" : 0,
        "blurType" : "layer",
        "borderBottom" : 1,
        "borderColor" : "#222",
        "borderEnabled" : 0,
        "borderLeft" : 1,
        "borderPerSide" : false,
        "borderRight" : 1,
        "borderStyle" : "solid",
        "borderTop" : 1,
        "borderWidth" : 1,
        "bottom" : null,
        "boxShadows" : [

        ],
        "brightness" : 100,
        "brightnessEnabled" : 0,
        "centerAnchorX" : 0,
        "centerAnchorY" : 0,
        "children" : [
          {
            "__class" : "CodeComponentNode",
            "aspectRatio" : null,
            "blur" : 12,
            "blurEnabled" : 0,
            "blurType" : "layer",
            "borderBottom" : 1,
            "borderColor" : "#222",
            "borderEnabled" : 0,
            "borderLeft" : 1,
            "borderPerSide" : false,
            "borderRight" : 1,
            "borderStyle" : "solid",
            "borderTop" : 1,
            "borderWidth" : 1,
            "bottom" : null,
            "boxShadows" : [

            ],
            "brightness" : 100,
            "brightnessEnabled" : 0,
            "centerAnchorX" : 0.5,
            "centerAnchorY" : 0.027093596059113302,
            "children" : [

            ],
            "clip" : true,
            "codeComponentIdentifier" : "@framer\/kasimir.iphone-x-kit\/.\/Status Bar\/Status_Bar.tsx_StatusBar",
            "codeComponentProps" : {
              "appearance" : "dark",
              "back" : "",
              "batteryLevel" : 100,
              "liveTime" : true,
              "location" : "none",
              "mode" : "transparent",
              "signalLevel" : 100,
              "time" : "18.00",
              "twelveHour" : false,
              "wifiLevel" : 100
            },
            "codeOverrideEnabled" : false,
            "constraintsLocked" : false,
            "contrast" : 100,
            "contrastEnabled" : 0,
            "exportOptions" : [

            ],
            "fillColor" : "rgba(255,255,255,1)",
            "fillEnabled" : false,
            "fillGradient" : {
              "__class" : "LinearGradient",
              "alpha" : 1,
              "angle" : 0,
              "end" : "rgba(0,0,0,0)",
              "start" : "black"
            },
            "fillImage" : null,
            "fillImagePixelHeight" : null,
            "fillImagePixelWidth" : null,
            "fillImageResize" : "fill",
            "fillType" : "color",
            "grayscale" : 0,
            "grayScaleEnabled" : 0,
            "height" : 44,
            "heightType" : 0,
            "hueRotate" : 0,
            "hueRotateEnabled" : 0,
            "id" : "hGGnQ_IfM",
            "intrinsicHeight" : 44,
            "intrinsicWidth" : 375,
            "invert" : 0,
            "invertEnabled" : 0,
            "left" : 0,
            "locked" : false,
            "name" : null,
            "opacity" : 1,
            "originalid" : null,
            "parentid" : "u5XomZYh1",
            "radius" : 0,
            "radiusBottomLeft" : 0,
            "radiusBottomRight" : 0,
            "radiusIsRelative" : false,
            "radiusPerCorner" : false,
            "radiusTopLeft" : 0,
            "radiusTopRight" : 0,
            "right" : 0,
            "rotation" : 0,
            "saturate" : 100,
            "saturateEnabled" : 0,
            "sepia" : 0,
            "sepiaEnabled" : 0,
            "top" : 0,
            "visible" : true,
            "width" : 375,
            "widthType" : 0
          },
          {
            "__class" : "CodeComponentNode",
            "aspectRatio" : null,
            "blur" : 12,
            "blurEnabled" : 0,
            "blurType" : "layer",
            "borderBottom" : 1,
            "borderColor" : "#222",
            "borderEnabled" : 0,
            "borderLeft" : 1,
            "borderPerSide" : false,
            "borderRight" : 1,
            "borderStyle" : "solid",
            "borderTop" : 1,
            "borderWidth" : 1,
            "bottom" : 0,
            "boxShadows" : [

            ],
            "brightness" : 100,
            "brightnessEnabled" : 0,
            "centerAnchorX" : 0.5,
            "centerAnchorY" : 0.97906403940886699,
            "children" : [

            ],
            "clip" : true,
            "codeComponentIdentifier" : "@framer\/kasimir.iphone-x-kit\/.\/Home Button (iPhone X)\/HomeButton.tsx_HomeButton",
            "codeComponentProps" : {
              "appearance" : "dark"
            },
            "codeOverrideEnabled" : false,
            "constraintsLocked" : false,
            "contrast" : 100,
            "contrastEnabled" : 0,
            "exportOptions" : [

            ],
            "fillColor" : "rgba(255,255,255,1)",
            "fillEnabled" : false,
            "fillGradient" : {
              "__class" : "LinearGradient",
              "alpha" : 1,
              "angle" : 0,
              "end" : "rgba(0,0,0,0)",
              "start" : "black"
            },
            "fillImage" : null,
            "fillImagePixelHeight" : null,
            "fillImagePixelWidth" : null,
            "fillImageResize" : "fill",
            "fillType" : "color",
            "grayscale" : 0,
            "grayScaleEnabled" : 0,
            "height" : 34,
            "heightType" : 0,
            "hueRotate" : 0,
            "hueRotateEnabled" : 0,
            "id" : "kZ3HF_H78",
            "intrinsicHeight" : 34,
            "intrinsicWidth" : 375,
            "invert" : 0,
            "invertEnabled" : 0,
            "left" : 0,
            "locked" : false,
            "name" : null,
            "opacity" : 1,
            "originalid" : null,
            "parentid" : "u5XomZYh1",
            "radius" : 0,
            "radiusBottomLeft" : 0,
            "radiusBottomRight" : 0,
            "radiusIsRelative" : false,
            "radiusPerCorner" : false,
            "radiusTopLeft" : 0,
            "radiusTopRight" : 0,
            "right" : 0,
            "rotation" : 0,
            "saturate" : 100,
            "saturateEnabled" : 0,
            "sepia" : 0,
            "sepiaEnabled" : 0,
            "top" : null,
            "visible" : true,
            "width" : 375,
            "widthType" : 0
          },
          {
            "__class" : "FrameNode",
            "aspectRatio" : null,
            "blendingEnabled" : 0,
            "blendingMode" : "normal",
            "blur" : 12,
            "blurEnabled" : 0,
            "blurType" : "layer",
            "borderBottom" : 1,
            "borderColor" : "#222",
            "borderEnabled" : 0,
            "borderLeft" : 1,
            "borderPerSide" : false,
            "borderRight" : 1,
            "borderStyle" : "solid",
            "borderTop" : 1,
            "borderWidth" : 1,
            "bottom" : 17,
            "boxShadows" : [

            ],
            "brightness" : 100,
            "brightnessEnabled" : 0,
            "centerAnchorX" : 0.5,
            "centerAnchorY" : 0.51662561576354682,
            "children" : [
              {
                "__class" : "FrameNode",
                "aspectRatio" : 2.7153284671532845,
                "blendingEnabled" : 0,
                "blendingMode" : "normal",
                "blur" : 12,
                "blurEnabled" : 0,
                "blurType" : "layer",
                "borderBottom" : 1,
                "borderColor" : "#222",
                "borderEnabled" : 0,
                "borderLeft" : 1,
                "borderPerSide" : false,
                "borderRight" : 1,
                "borderStyle" : "solid",
                "borderTop" : 1,
                "borderWidth" : 1,
                "bottom" : null,
                "boxShadows" : [

                ],
                "brightness" : 100,
                "brightnessEnabled" : 0,
                "centerAnchorX" : 0.5013333333333333,
                "centerAnchorY" : 0.091211717709720377,
                "children" : [

                ],
                "clip" : false,
                "codeOverrideEnabled" : false,
                "constraintsLocked" : false,
                "contrast" : 100,
                "contrastEnabled" : 0,
                "deviceType" : null,
                "exportOptions" : [

                ],
                "fillColor" : "rgba(255,255,255,1)",
                "fillEnabled" : true,
                "fillGradient" : {
                  "__class" : "LinearGradient",
                  "alpha" : 1,
                  "angle" : 0,
                  "end" : "rgba(0,0,0,0)",
                  "start" : "black"
                },
                "fillImage" : "xfI47oB8GIcsJH35RIcXDcjxsc.png",
                "fillImagePixelHeight" : 274,
                "fillImagePixelWidth" : 744,
                "fillImageResize" : "fill",
                "fillType" : "image",
                "grayscale" : 0,
                "grayScaleEnabled" : 0,
                "height" : 137,
                "heightType" : 0,
                "hueRotate" : 0,
                "hueRotateEnabled" : 0,
                "id" : "wIOZTk_dK",
                "intrinsicHeight" : 137,
                "intrinsicWidth" : 372,
                "invert" : 0,
                "invertEnabled" : 0,
                "isExternalMaster" : null,
                "isMaster" : false,
                "isTarget" : false,
                "left" : 2,
                "locked" : false,
                "name" : null,
                "navigationTarget" : null,
                "navigationTransition" : "push",
                "navigationTransitionBackdropColor" : "rgba(4,4,15,.4)",
                "navigationTransitionDirection" : "left",
                "opacity" : 1,
                "originalid" : null,
                "parentid" : "P05FFJHM2",
                "previewSettings" : null,
                "radius" : 0,
                "radiusBottomLeft" : 0,
                "radiusBottomRight" : 0,
                "radiusIsRelative" : false,
                "radiusPerCorner" : false,
                "radiusTopLeft" : 0,
                "radiusTopRight" : 0,
                "replicaInfo" : null,
                "right" : 1,
                "rotation" : 0,
                "saturate" : 100,
                "saturateEnabled" : 0,
                "sepia" : 0,
                "sepiaEnabled" : 0,
                "top" : 0,
                "visible" : true,
                "width" : 372,
                "widthType" : 0
              },
              {
                "__class" : "FrameNode",
                "aspectRatio" : null,
                "blendingEnabled" : 0,
                "blendingMode" : "normal",
                "blur" : 12,
                "blurEnabled" : 0,
                "blurType" : "layer",
                "borderBottom" : 1,
                "borderColor" : "#222",
                "borderEnabled" : 0,
                "borderLeft" : 1,
                "borderPerSide" : false,
                "borderRight" : 1,
                "borderStyle" : "solid",
                "borderTop" : 1,
                "borderWidth" : 1,
                "bottom" : -238,
                "boxShadows" : [

                ],
                "brightness" : 100,
                "brightnessEnabled" : 0,
                "centerAnchorX" : 0.5,
                "centerAnchorY" : 0.91611185086551261,
                "children" : [

                ],
                "clip" : false,
                "codeOverrideEnabled" : false,
                "constraintsLocked" : false,
                "contrast" : 100,
                "contrastEnabled" : 0,
                "deviceType" : null,
                "exportOptions" : [

                ],
                "fillColor" : "rgba(255,255,255,1)",
                "fillEnabled" : true,
                "fillGradient" : {
                  "__class" : "LinearGradient",
                  "alpha" : 1,
                  "angle" : 0,
                  "end" : "rgba(0,0,0,0)",
                  "start" : "black"
                },
                "fillImage" : "6mq5nxnSuC08ROxHZ5mmjLdiJE.jpg",
                "fillImagePixelHeight" : 1334,
                "fillImagePixelWidth" : 750,
                "fillImageResize" : "fill",
                "fillType" : "image",
                "grayscale" : 0,
                "grayScaleEnabled" : 0,
                "height" : 602,
                "heightType" : 0,
                "hueRotate" : 0,
                "hueRotateEnabled" : 0,
                "id" : "m9vv3970u",
                "intrinsicHeight" : 667,
                "intrinsicWidth" : 375,
                "invert" : 0,
                "invertEnabled" : 0,
                "isExternalMaster" : null,
                "isMaster" : false,
                "isTarget" : false,
                "left" : 0,
                "locked" : false,
                "name" : "Feed",
                "navigationTarget" : null,
                "navigationTransition" : "push",
                "navigationTransitionBackdropColor" : "rgba(4,4,15,.4)",
                "navigationTransitionDirection" : "left",
                "opacity" : 1,
                "originalid" : null,
                "parentid" : "P05FFJHM2",
                "previewSettings" : null,
                "radius" : 0,
                "radiusBottomLeft" : 0,
                "radiusBottomRight" : 0,
                "radiusIsRelative" : false,
                "radiusPerCorner" : false,
                "radiusTopLeft" : 0,
                "radiusTopRight" : 0,
                "replicaInfo" : null,
                "right" : 0,
                "rotation" : 0,
                "saturate" : 100,
                "saturateEnabled" : 0,
                "sepia" : 0,
                "sepiaEnabled" : 0,
                "top" : null,
                "visible" : true,
                "width" : 375,
                "widthType" : 0
              },
              {
                "__class" : "FrameNode",
                "aspectRatio" : null,
                "blendingEnabled" : 0,
                "blendingMode" : "normal",
                "blur" : 12,
                "blurEnabled" : 0,
                "blurType" : "layer",
                "borderBottom" : 1,
                "borderColor" : "#222",
                "borderEnabled" : 0,
                "borderLeft" : 1,
                "borderPerSide" : false,
                "borderRight" : 1,
                "borderStyle" : "solid",
                "borderTop" : 1,
                "borderWidth" : 1,
                "bottom" : 364,
                "boxShadows" : [

                ],
                "brightness" : 100,
                "brightnessEnabled" : 0,
                "centerAnchorX" : 0.5,
                "centerAnchorY" : 0.35552596537949399,
                "children" : [
                  {
                    "__class" : "TextNode",
                    "autoSize" : true,
                    "blur" : 12,
                    "blurEnabled" : 0,
                    "blurType" : "layer",
                    "bottom" : null,
                    "brightness" : 100,
                    "brightnessEnabled" : 0,
                    "centerAnchorX" : 0.10266666666666667,
                    "centerAnchorY" : 0.12371134020618557,
                    "codeOverrideEnabled" : false,
                    "constraintsLocked" : false,
                    "contrast" : 100,
                    "contrastEnabled" : 0,
                    "exportOptions" : [

                    ],
                    "grayscale" : 0,
                    "grayScaleEnabled" : 0,
                    "height" : 18,
                    "heightType" : 0,
                    "hueRotate" : 0,
                    "hueRotateEnabled" : 0,
                    "id" : "FSHkaBWDW",
                    "invert" : 0,
                    "invertEnabled" : 0,
                    "isTarget" : false,
                    "left" : 15,
                    "locked" : false,
                    "name" : null,
                    "opacity" : 1,
                    "originalid" : null,
                    "parentid" : "KuPSn0ilA",
                    "right" : null,
                    "rotation" : 0,
                    "saturate" : 100,
                    "saturateEnabled" : 0,
                    "sepia" : 0,
                    "sepiaEnabled" : 0,
                    "shadows" : [

                    ],
                    "styledText" : {
                      "__class" : "StyledTextDraft",
                      "blocks" : [
                        {
                          "data" : {
                            "emptyStyle" : [
                              "COLOR:rgb(0, 0, 0)",
                              "LETTERSPACING:0",
                              "LINEHEIGHT:1.2",
                              "FONT:__SF-UI-Display-Medium__",
                              "SIZE:15"
                            ]
                          },
                          "depth" : 0,
                          "entityRanges" : [

                          ],
                          "inlineStyleRanges" : [
                            {
                              "length" : 7,
                              "offset" : 0,
                              "style" : "COLOR:rgb(0, 0, 0)"
                            },
                            {
                              "length" : 7,
                              "offset" : 0,
                              "style" : "LETTERSPACING:0"
                            },
                            {
                              "length" : 7,
                              "offset" : 0,
                              "style" : "LINEHEIGHT:1.2"
                            },
                            {
                              "length" : 7,
                              "offset" : 0,
                              "style" : "FONT:__SF-UI-Display-Medium__"
                            },
                            {
                              "length" : 7,
                              "offset" : 0,
                              "style" : "SIZE:15"
                            }
                          ],
                          "key" : "222tk",
                          "text" : "Stories",
                          "type" : "unstyled"
                        }
                      ],
                      "cached" : {
                        "html" : "<div data-offset-key=\"222tk-0-0\" class=\"public-DraftStyleDefault-block public-DraftStyleDefault-ltr\"><span data-offset-key=\"222tk-0-0\" style=\"tab-size:4;font-family:&quot;.SFNSDisplay-Medium&quot;, &quot;SFProDisplay-Medium&quot;, &quot;SFUIDisplay-Medium&quot;, &quot;.SFUIDisplay-Medium&quot;, sans-serif;-webkit-text-fill-color:rgb(0, 0, 0);font-size:15px;letter-spacing:0px;line-height:1.2\"><span data-text=\"true\">Stories<\/span><\/span><\/div>",
                        "os" : "10_14",
                        "size" : {
                          "height" : 18,
                          "width" : 47
                        },
                        "width" : 0
                      },
                      "entityMap" : {

                      }
                    },
                    "top" : 15,
                    "visible" : true,
                    "width" : 47,
                    "widthType" : 0
                  },
                  {
                    "__class" : "FrameNode",
                    "aspectRatio" : null,
                    "blendingEnabled" : 0,
                    "blendingMode" : "normal",
                    "blur" : 12,
                    "blurEnabled" : 0,
                    "blurType" : "layer",
                    "borderBottom" : 1,
                    "borderColor" : "#222",
                    "borderEnabled" : 0,
                    "borderLeft" : 1,
                    "borderPerSide" : false,
                    "borderRight" : 1,
                    "borderStyle" : "solid",
                    "borderTop" : 1,
                    "borderWidth" : 1,
                    "bottom" : null,
                    "boxShadows" : [

                    ],
                    "brightness" : 100,
                    "brightnessEnabled" : 0,
                    "centerAnchorX" : 0.83199999999999996,
                    "centerAnchorY" : 0.13402061855670103,
                    "children" : [
                      {
                        "__class" : "TextNode",
                        "autoSize" : true,
                        "blur" : 12,
                        "blurEnabled" : 0,
                        "blurType" : "layer",
                        "bottom" : null,
                        "brightness" : 100,
                        "brightnessEnabled" : 0,
                        "centerAnchorX" : 0.40625,
                        "centerAnchorY" : 0.40909090909090912,
                        "codeOverrideEnabled" : false,
                        "constraintsLocked" : false,
                        "contrast" : 100,
                        "contrastEnabled" : 0,
                        "exportOptions" : [

                        ],
                        "grayscale" : 0,
                        "grayScaleEnabled" : 0,
                        "height" : 18,
                        "heightType" : 0,
                        "hueRotate" : 0,
                        "hueRotateEnabled" : 0,
                        "id" : "P4dPtU1nu",
                        "invert" : 0,
                        "invertEnabled" : 0,
                        "isTarget" : false,
                        "left" : null,
                        "locked" : false,
                        "name" : null,
                        "opacity" : 1,
                        "originalid" : null,
                        "parentid" : "xP0osA8ok",
                        "right" : null,
                        "rotation" : 0,
                        "saturate" : 100,
                        "saturateEnabled" : 0,
                        "sepia" : 0,
                        "sepiaEnabled" : 0,
                        "shadows" : [

                        ],
                        "styledText" : {
                          "__class" : "StyledTextDraft",
                          "blocks" : [
                            {
                              "data" : {
                                "emptyStyle" : [
                                  "COLOR:rgb(0, 0, 0)",
                                  "LETTERSPACING:0",
                                  "LINEHEIGHT:1.2",
                                  "FONT:__SF-UI-Display-Medium__",
                                  "SIZE:15"
                                ]
                              },
                              "depth" : 0,
                              "entityRanges" : [

                              ],
                              "inlineStyleRanges" : [
                                {
                                  "length" : 11,
                                  "offset" : 0,
                                  "style" : "COLOR:rgb(0, 0, 0)"
                                },
                                {
                                  "length" : 11,
                                  "offset" : 0,
                                  "style" : "LETTERSPACING:0"
                                },
                                {
                                  "length" : 11,
                                  "offset" : 0,
                                  "style" : "LINEHEIGHT:1.2"
                                },
                                {
                                  "length" : 11,
                                  "offset" : 0,
                                  "style" : "FONT:__SF-UI-Display-Medium__"
                                },
                                {
                                  "length" : 11,
                                  "offset" : 0,
                                  "style" : "SIZE:15"
                                }
                              ],
                              "key" : "222tk",
                              "text" : "See Archive",
                              "type" : "unstyled"
                            }
                          ],
                          "cached" : {
                            "html" : "<div data-offset-key=\"222tk-0-0\" class=\"public-DraftStyleDefault-block public-DraftStyleDefault-ltr\"><span data-offset-key=\"222tk-0-0\" style=\"tab-size:4;font-family:&quot;.SFNSDisplay-Medium&quot;, &quot;SFProDisplay-Medium&quot;, &quot;SFUIDisplay-Medium&quot;, &quot;.SFUIDisplay-Medium&quot;, sans-serif;-webkit-text-fill-color:rgb(0, 0, 0);font-size:15px;letter-spacing:0px;line-height:1.2\"><span data-text=\"true\">See Archive<\/span><\/span><\/div>",
                            "os" : "10_14",
                            "size" : {
                              "height" : 18,
                              "width" : 78
                            },
                            "width" : 0
                          },
                          "entityMap" : {

                          }
                        },
                        "top" : null,
                        "visible" : true,
                        "width" : 78,
                        "widthType" : 0
                      },
                      {
                        "__class" : "FrameNode",
                        "aspectRatio" : 0.63636363636363635,
                        "blendingEnabled" : 0,
                        "blendingMode" : "normal",
                        "blur" : 12,
                        "blurEnabled" : 0,
                        "blurType" : "layer",
                        "borderBottom" : 1,
                        "borderColor" : "#222",
                        "borderEnabled" : 0,
                        "borderLeft" : 1,
                        "borderPerSide" : false,
                        "borderRight" : 1,
                        "borderStyle" : "solid",
                        "borderTop" : 1,
                        "borderWidth" : 1,
                        "bottom" : 0,
                        "boxShadows" : [

                        ],
                        "brightness" : 100,
                        "brightnessEnabled" : 0,
                        "centerAnchorX" : 0.92708333333333337,
                        "centerAnchorY" : 0.5,
                        "children" : [

                        ],
                        "clip" : false,
                        "codeOverrideEnabled" : false,
                        "constraintsLocked" : false,
                        "contrast" : 100,
                        "contrastEnabled" : 0,
                        "deviceType" : null,
                        "exportOptions" : [

                        ],
                        "fillColor" : "rgba(255,255,255,1)",
                        "fillEnabled" : true,
                        "fillGradient" : {
                          "__class" : "LinearGradient",
                          "alpha" : 1,
                          "angle" : 0,
                          "end" : "rgba(0,0,0,0)",
                          "start" : "black"
                        },
                        "fillImage" : "dFJiFDAYR8xs7snAy4lSgyR7I.png",
                        "fillImagePixelHeight" : 44,
                        "fillImagePixelWidth" : 28,
                        "fillImageResize" : "fill",
                        "fillType" : "image",
                        "grayscale" : 0,
                        "grayScaleEnabled" : 0,
                        "height" : 22,
                        "heightType" : 0,
                        "hueRotate" : 0,
                        "hueRotateEnabled" : 0,
                        "id" : "SrOAlJ7t2",
                        "intrinsicHeight" : 22,
                        "intrinsicWidth" : 14,
                        "invert" : 0,
                        "invertEnabled" : 0,
                        "isExternalMaster" : null,
                        "isMaster" : false,
                        "isTarget" : false,
                        "left" : null,
                        "locked" : false,
                        "name" : null,
                        "navigationTarget" : null,
                        "navigationTransition" : "push",
                        "navigationTransitionBackdropColor" : "rgba(4,4,15,.4)",
                        "navigationTransitionDirection" : "left",
                        "opacity" : 1,
                        "originalid" : null,
                        "parentid" : "xP0osA8ok",
                        "previewSettings" : null,
                        "radius" : 0,
                        "radiusBottomLeft" : 0,
                        "radiusBottomRight" : 0,
                        "radiusIsRelative" : false,
                        "radiusPerCorner" : false,
                        "radiusTopLeft" : 0,
                        "radiusTopRight" : 0,
                        "replicaInfo" : null,
                        "right" : 0,
                        "rotation" : 0,
                        "saturate" : 100,
                        "saturateEnabled" : 0,
                        "sepia" : 0,
                        "sepiaEnabled" : 0,
                        "top" : 0,
                        "visible" : true,
                        "width" : 14,
                        "widthType" : 0
                      }
                    ],
                    "clip" : false,
                    "codeOverrideEnabled" : false,
                    "constraintsLocked" : false,
                    "contrast" : 100,
                    "contrastEnabled" : 0,
                    "deviceType" : null,
                    "exportOptions" : [

                    ],
                    "fillColor" : "rgba(255,255,255,1)",
                    "fillEnabled" : false,
                    "fillGradient" : {
                      "__class" : "LinearGradient",
                      "alpha" : 1,
                      "angle" : 0,
                      "end" : "rgba(0,0,0,0)",
                      "start" : "black"
                    },
                    "fillImage" : null,
                    "fillImagePixelHeight" : null,
                    "fillImagePixelWidth" : null,
                    "fillImageResize" : "fill",
                    "fillType" : "color",
                    "grayscale" : 0,
                    "grayScaleEnabled" : 0,
                    "height" : 22,
                    "heightType" : 0,
                    "hueRotate" : 0,
                    "hueRotateEnabled" : 0,
                    "id" : "xP0osA8ok",
                    "intrinsicHeight" : null,
                    "intrinsicWidth" : null,
                    "invert" : 0,
                    "invertEnabled" : 0,
                    "isExternalMaster" : null,
                    "isMaster" : false,
                    "isTarget" : false,
                    "left" : null,
                    "locked" : false,
                    "name" : null,
                    "navigationTarget" : null,
                    "navigationTransition" : "push",
                    "navigationTransitionBackdropColor" : "rgba(4,4,15,.4)",
                    "navigationTransitionDirection" : "left",
                    "opacity" : 1,
                    "originalid" : null,
                    "parentid" : "KuPSn0ilA",
                    "previewSettings" : null,
                    "radius" : 0,
                    "radiusBottomLeft" : 0,
                    "radiusBottomRight" : 0,
                    "radiusIsRelative" : false,
                    "radiusPerCorner" : false,
                    "radiusTopLeft" : 0,
                    "radiusTopRight" : 0,
                    "replicaInfo" : null,
                    "right" : 15,
                    "rotation" : 0,
                    "saturate" : 100,
                    "saturateEnabled" : 0,
                    "sepia" : 0,
                    "sepiaEnabled" : 0,
                    "top" : 15,
                    "visible" : true,
                    "width" : 96,
                    "widthType" : 0
                  },
                  {
                    "__class" : "CodeComponentNode",
                    "aspectRatio" : null,
                    "blur" : 12,
                    "blurEnabled" : 0,
                    "blurType" : "layer",
                    "borderBottom" : 1,
                    "borderColor" : "#222",
                    "borderEnabled" : 0,
                    "borderLeft" : 1,
                    "borderPerSide" : false,
                    "borderRight" : 1,
                    "borderStyle" : "solid",
                    "borderTop" : 1,
                    "borderWidth" : 1,
                    "bottom" : 26,
                    "boxShadows" : [

                    ],
                    "brightness" : 100,
                    "brightnessEnabled" : 0,
                    "centerAnchorX" : 0.52000000000000002,
                    "centerAnchorY" : 0.53749999999999998,
                    "children" : [

                    ],
                    "clip" : true,
                    "codeComponentIdentifier" : "framer\/Page",
                    "codeComponentProps" : {
                      "alignment" : "center",
                      "children" : [
                        {
                          "enabled" : true,
                          "type" : "componentinstance",
                          "value" : "nRNcDdQLV"
                        },
                        {
                          "enabled" : false,
                          "type" : "componentinstance",
                          "value" : "UmPVhb1or"
                        },
                        {
                          "enabled" : false,
                          "type" : "componentinstance",
                          "value" : "JXCal3jrc"
                        },
                        {
                          "enabled" : false,
                          "type" : "componentinstance",
                          "value" : "xm3gNGSiE"
                        },
                        {
                          "enabled" : true,
                          "type" : "componentinstance",
                          "value" : "UmPVhb1or"
                        },
                        {
                          "enabled" : true,
                          "type" : "componentinstance",
                          "value" : "JXCal3jrc"
                        },
                        {
                          "enabled" : true,
                          "type" : "componentinstance",
                          "value" : "xm3gNGSiE"
                        }
                      ],
                      "contentHeight" : "stretch",
                      "contentWidth" : "auto",
                      "currentPage" : 0,
                      "defaultEffect" : "cube",
                      "direction" : "horizontal",
                      "draggingEnabled" : true,
                      "gap" : 7,
                      "momentum" : false,
                      "padding" : 0,
                      "paddingBottom" : 0,
                      "paddingLeft" : 0,
                      "paddingPerSide" : false,
                      "paddingRight" : 0,
                      "paddingTop" : 0
                    },
                    "codeOverrideEnabled" : true,
                    "codeOverrideFile" : ".\/App.tsx",
                    "codeOverrideIdentifier" : ".\/App.tsx_Page",
                    "codeOverrideName" : "Page",
                    "constraintsLocked" : true,
                    "contrast" : 100,
                    "contrastEnabled" : 0,
                    "exportOptions" : [

                    ],
                    "fillColor" : "#22AA99",
                    "fillEnabled" : true,
                    "fillGradient" : {
                      "__class" : "LinearGradient",
                      "alpha" : 1,
                      "angle" : 0,
                      "end" : "rgba(0,0,0,0)",
                      "start" : "black"
                    },
                    "fillImage" : null,
                    "fillImagePixelHeight" : null,
                    "fillImagePixelWidth" : null,
                    "fillImageResize" : "fill",
                    "fillType" : "color",
                    "grayscale" : 0,
                    "grayScaleEnabled" : 0,
                    "height" : 170,
                    "heightType" : 0,
                    "hueRotate" : 0,
                    "hueRotateEnabled" : 0,
                    "id" : "tKyEXOlry",
                    "intrinsicHeight" : null,
                    "intrinsicWidth" : null,
                    "invert" : 0,
                    "invertEnabled" : 0,
                    "left" : 15,
                    "locked" : false,
                    "name" : null,
                    "opacity" : 1,
                    "originalid" : null,
                    "parentid" : "KuPSn0ilA",
                    "radius" : 0,
                    "radiusBottomLeft" : 0,
                    "radiusBottomRight" : 0,
                    "radiusIsRelative" : false,
                    "radiusPerCorner" : false,
                    "radiusTopLeft" : 0,
                    "radiusTopRight" : 0,
                    "right" : 0,
                    "rotation" : 0,
                    "saturate" : 100,
                    "saturateEnabled" : 0,
                    "sepia" : 0,
                    "sepiaEnabled" : 0,
                    "top" : 44,
                    "visible" : true,
                    "width" : 360,
                    "widthType" : 0
                  }
                ],
                "clip" : false,
                "codeOverrideEnabled" : true,
                "codeOverrideFile" : ".\/App.tsx",
                "codeOverrideIdentifier" : ".\/App.tsx_Stories",
                "codeOverrideName" : "Stories",
                "constraintsLocked" : true,
                "contrast" : 100,
                "contrastEnabled" : 0,
                "deviceType" : null,
                "exportOptions" : [

                ],
                "fillColor" : "#FF7744",
                "fillEnabled" : true,
                "fillGradient" : {
                  "__class" : "LinearGradient",
                  "alpha" : 1,
                  "angle" : 0,
                  "end" : "rgba(0,0,0,0)",
                  "start" : "black"
                },
                "fillImage" : null,
                "fillImagePixelHeight" : null,
                "fillImagePixelWidth" : null,
                "fillImageResize" : "fill",
                "fillType" : "color",
                "grayscale" : 0,
                "grayScaleEnabled" : 0,
                "height" : 240,
                "heightType" : 0,
                "hueRotate" : 0,
                "hueRotateEnabled" : 0,
                "id" : "KuPSn0ilA",
                "intrinsicHeight" : null,
                "intrinsicWidth" : null,
                "invert" : 0,
                "invertEnabled" : 0,
                "isExternalMaster" : null,
                "isMaster" : false,
                "isTarget" : false,
                "left" : null,
                "locked" : false,
                "name" : "Stories",
                "navigationTarget" : null,
                "navigationTransition" : "push",
                "navigationTransitionBackdropColor" : "rgba(4,4,15,.4)",
                "navigationTransitionDirection" : "left",
                "opacity" : 1,
                "originalid" : null,
                "parentid" : "P05FFJHM2",
                "previewSettings" : null,
                "radius" : 0,
                "radiusBottomLeft" : 0,
                "radiusBottomRight" : 0,
                "radiusIsRelative" : false,
                "radiusPerCorner" : false,
                "radiusTopLeft" : 0,
                "radiusTopRight" : 0,
                "replicaInfo" : null,
                "right" : null,
                "rotation" : 0,
                "saturate" : 100,
                "saturateEnabled" : 0,
                "sepia" : 0,
                "sepiaEnabled" : 0,
                "top" : 147,
                "visible" : true,
                "width" : 375,
                "widthType" : 0
              },
              {
                "__class" : "FrameNode",
                "aspectRatio" : 8.7857142857142865,
                "blendingEnabled" : 0,
                "blendingMode" : "normal",
                "blur" : 12,
                "blurEnabled" : 0,
                "blurType" : "layer",
                "borderBottom" : 1,
                "borderColor" : "#222",
                "borderEnabled" : 0,
                "borderLeft" : 1,
                "borderPerSide" : false,
                "borderRight" : 1,
                "borderStyle" : "solid",
                "borderTop" : 1,
                "borderWidth" : 1,
                "bottom" : 0,
                "boxShadows" : [

                ],
                "brightness" : 100,
                "brightnessEnabled" : 0,
                "centerAnchorX" : 0.5,
                "centerAnchorY" : 0.97137150466045274,
                "children" : [

                ],
                "clip" : false,
                "codeOverrideEnabled" : false,
                "constraintsLocked" : false,
                "contrast" : 100,
                "contrastEnabled" : 0,
                "deviceType" : null,
                "exportOptions" : [

                ],
                "fillColor" : "rgba(255,255,255,1)",
                "fillEnabled" : true,
                "fillGradient" : {
                  "__class" : "LinearGradient",
                  "alpha" : 1,
                  "angle" : 0,
                  "end" : "rgba(0,0,0,0)",
                  "start" : "black"
                },
                "fillImage" : "WvnlTNa4LNIjBpiKzn9IvnoVd4.png",
                "fillImagePixelHeight" : 84,
                "fillImagePixelWidth" : 738,
                "fillImageResize" : "fill",
                "fillType" : "image",
                "grayscale" : 0,
                "grayScaleEnabled" : 0,
                "height" : 43,
                "heightType" : 0,
                "hueRotate" : 0,
                "hueRotateEnabled" : 0,
                "id" : "UmUvgmkZr",
                "intrinsicHeight" : 42,
                "intrinsicWidth" : 369,
                "invert" : 0,
                "invertEnabled" : 0,
                "isExternalMaster" : null,
                "isMaster" : false,
                "isTarget" : false,
                "left" : 0,
                "locked" : false,
                "name" : "bottomNav",
                "navigationTarget" : null,
                "navigationTransition" : "push",
                "navigationTransitionBackdropColor" : "rgba(4,4,15,.4)",
                "navigationTransitionDirection" : "left",
                "opacity" : 1,
                "originalid" : null,
                "parentid" : "P05FFJHM2",
                "previewSettings" : null,
                "radius" : 0,
                "radiusBottomLeft" : 0,
                "radiusBottomRight" : 0,
                "radiusIsRelative" : false,
                "radiusPerCorner" : false,
                "radiusTopLeft" : 0,
                "radiusTopRight" : 0,
                "replicaInfo" : null,
                "right" : 0,
                "rotation" : 0,
                "saturate" : 100,
                "saturateEnabled" : 0,
                "sepia" : 0,
                "sepiaEnabled" : 0,
                "top" : null,
                "visible" : true,
                "width" : 375,
                "widthType" : 0
              }
            ],
            "clip" : true,
            "codeOverrideEnabled" : false,
            "constraintsLocked" : false,
            "contrast" : 100,
            "contrastEnabled" : 0,
            "deviceType" : null,
            "exportOptions" : [

            ],
            "fillColor" : "rgba(214, 214, 220, 1.00)",
            "fillEnabled" : true,
            "fillGradient" : {
              "__class" : "LinearGradient",
              "alpha" : 1,
              "angle" : 0,
              "end" : "rgba(0,0,0,0)",
              "start" : "black"
            },
            "fillImage" : null,
            "fillImagePixelHeight" : null,
            "fillImagePixelWidth" : null,
            "fillImageResize" : "fill",
            "fillType" : "color",
            "grayscale" : 0,
            "grayScaleEnabled" : 0,
            "height" : 751,
            "heightType" : 0,
            "hueRotate" : 0,
            "hueRotateEnabled" : 0,
            "id" : "P05FFJHM2",
            "intrinsicHeight" : null,
            "intrinsicWidth" : null,
            "invert" : 0,
            "invertEnabled" : 0,
            "isExternalMaster" : null,
            "isMaster" : false,
            "isTarget" : false,
            "left" : 0,
            "locked" : false,
            "name" : null,
            "navigationTarget" : null,
            "navigationTransition" : "push",
            "navigationTransitionBackdropColor" : "rgba(4,4,15,.4)",
            "navigationTransitionDirection" : "left",
            "opacity" : 1,
            "originalid" : null,
            "parentid" : "u5XomZYh1",
            "previewSettings" : null,
            "radius" : 0,
            "radiusBottomLeft" : 0,
            "radiusBottomRight" : 0,
            "radiusIsRelative" : false,
            "radiusPerCorner" : false,
            "radiusTopLeft" : 0,
            "radiusTopRight" : 0,
            "replicaInfo" : null,
            "right" : 0,
            "rotation" : 0,
            "saturate" : 100,
            "saturateEnabled" : 0,
            "sepia" : 0,
            "sepiaEnabled" : 0,
            "top" : 44,
            "visible" : true,
            "width" : 375,
            "widthType" : 0
          }
        ],
        "clip" : true,
        "codeOverrideEnabled" : false,
        "constraintsLocked" : false,
        "contrast" : 100,
        "contrastEnabled" : 0,
        "deviceType" : "framer\/FramerAppleIPhoneXS",
        "exportOptions" : [

        ],
        "fillColor" : "hsl(0, 0%, 100%)",
        "fillEnabled" : true,
        "fillGradient" : {
          "__class" : "LinearGradient",
          "alpha" : 1,
          "angle" : 0,
          "end" : "rgba(0,0,0,0)",
          "start" : "black"
        },
        "fillImage" : null,
        "fillImagePixelHeight" : null,
        "fillImagePixelWidth" : null,
        "fillImageResize" : "fill",
        "fillType" : "color",
        "grayscale" : 0,
        "grayScaleEnabled" : 0,
        "height" : 812,
        "heightType" : 0,
        "hueRotate" : 0,
        "hueRotateEnabled" : 0,
        "id" : "u5XomZYh1",
        "intrinsicHeight" : null,
        "intrinsicWidth" : null,
        "invert" : 0,
        "invertEnabled" : 0,
        "isExternalMaster" : null,
        "isMaster" : false,
        "isTarget" : false,
        "left" : 0,
        "locked" : false,
        "name" : "facebook-story",
        "navigationTarget" : null,
        "navigationTransition" : "push",
        "navigationTransitionBackdropColor" : "rgba(4,4,15,.4)",
        "navigationTransitionDirection" : "left",
        "opacity" : 1,
        "originalid" : null,
        "parentid" : "x8e0q7c9Q",
        "previewSettings" : null,
        "radius" : 0,
        "radiusBottomLeft" : 0,
        "radiusBottomRight" : 0,
        "radiusIsRelative" : false,
        "radiusPerCorner" : false,
        "radiusTopLeft" : 0,
        "radiusTopRight" : 0,
        "replicaInfo" : null,
        "right" : null,
        "rotation" : 0,
        "saturate" : 100,
        "saturateEnabled" : 0,
        "sepia" : 0,
        "sepiaEnabled" : 0,
        "top" : 0,
        "visible" : true,
        "width" : 375,
        "widthType" : 0
      },
      {
        "__class" : "FrameNode",
        "aspectRatio" : null,
        "blendingEnabled" : 0,
        "blendingMode" : "normal",
        "blur" : 12,
        "blurEnabled" : 0,
        "blurType" : "layer",
        "borderBottom" : 1,
        "borderColor" : "#222",
        "borderEnabled" : 0,
        "borderLeft" : 1,
        "borderPerSide" : false,
        "borderRight" : 1,
        "borderStyle" : "solid",
        "borderTop" : 1,
        "borderWidth" : 1,
        "bottom" : null,
        "boxShadows" : [

        ],
        "brightness" : 100,
        "brightnessEnabled" : 0,
        "centerAnchorX" : 0.85066666666666668,
        "centerAnchorY" : 0.56086956521739129,
        "children" : [

        ],
        "clip" : false,
        "codeOverrideEnabled" : true,
        "codeOverrideFile" : ".\/App.tsx",
        "codeOverrideIdentifier" : ".\/App.tsx_StoryItem",
        "codeOverrideName" : "StoryItem",
        "constraintsLocked" : false,
        "contrast" : 100,
        "contrastEnabled" : 0,
        "deviceType" : null,
        "exportOptions" : [

        ],
        "fillColor" : "hsl(0, 66%, 53%)",
        "fillEnabled" : true,
        "fillGradient" : {
          "__class" : "LinearGradient",
          "alpha" : 1,
          "angle" : 0,
          "end" : "rgba(0,0,0,0)",
          "start" : "black"
        },
        "fillImage" : "BLttQRXEtvLf33nz7HKCf4jh0Y.png",
        "fillImagePixelHeight" : 1072,
        "fillImagePixelWidth" : 738,
        "fillImageResize" : "fill",
        "fillType" : "image",
        "grayscale" : 0,
        "grayScaleEnabled" : 0,
        "height" : 170,
        "heightType" : 0,
        "hueRotate" : 0,
        "hueRotateEnabled" : 0,
        "id" : "UmPVhb1or",
        "intrinsicHeight" : 536,
        "intrinsicWidth" : 369,
        "invert" : 0,
        "invertEnabled" : 0,
        "isExternalMaster" : null,
        "isMaster" : false,
        "isTarget" : false,
        "left" : 513,
        "locked" : false,
        "name" : "StoryItem",
        "navigationTarget" : null,
        "navigationTransition" : "push",
        "navigationTransitionBackdropColor" : "rgba(4,4,15,.4)",
        "navigationTransitionDirection" : "left",
        "opacity" : 1,
        "originalid" : "nRNcDdQLV",
        "parentid" : "x8e0q7c9Q",
        "previewSettings" : null,
        "radius" : 5,
        "radiusBottomLeft" : 5,
        "radiusBottomRight" : 5,
        "radiusIsRelative" : false,
        "radiusPerCorner" : false,
        "radiusTopLeft" : 5,
        "radiusTopRight" : 5,
        "replicaInfo" : {
          "master" : "nRNcDdQLV",
          "overrides" : {
            "nRNcDdQLV" : {
              "bottom" : null,
              "centerAnchorX" : 0.85066666666666668,
              "centerAnchorY" : 0.56086956521739129,
              "constraintsLocked" : false,
              "fillImage" : "BLttQRXEtvLf33nz7HKCf4jh0Y.png",
              "fillImagePixelHeight" : 1072,
              "fillImagePixelWidth" : 738,
              "height" : 170,
              "intrinsicHeight" : 536,
              "intrinsicWidth" : 369,
              "left" : 513,
              "right" : null,
              "top" : 367
            }
          }
        },
        "right" : null,
        "rotation" : 0,
        "saturate" : 100,
        "saturateEnabled" : 0,
        "sepia" : 0,
        "sepiaEnabled" : 0,
        "top" : 367,
        "visible" : true,
        "width" : 110,
        "widthType" : 0
      },
      {
        "__class" : "FrameNode",
        "aspectRatio" : null,
        "blendingEnabled" : 0,
        "blendingMode" : "normal",
        "blur" : 12,
        "blurEnabled" : 0,
        "blurType" : "layer",
        "borderBottom" : 1,
        "borderColor" : "#222",
        "borderEnabled" : 0,
        "borderLeft" : 1,
        "borderPerSide" : false,
        "borderRight" : 1,
        "borderStyle" : "solid",
        "borderTop" : 1,
        "borderWidth" : 1,
        "bottom" : null,
        "boxShadows" : [

        ],
        "brightness" : 100,
        "brightnessEnabled" : 0,
        "centerAnchorX" : 0.85066666666666668,
        "centerAnchorY" : 0.56086956521739129,
        "children" : [
          {
            "__class" : "FrameNode",
            "aspectRatio" : 1,
            "blendingEnabled" : 0,
            "blendingMode" : "normal",
            "blur" : 12,
            "blurEnabled" : 0,
            "blurType" : "layer",
            "borderBottom" : 1,
            "borderColor" : "#222",
            "borderEnabled" : 0,
            "borderLeft" : 1,
            "borderPerSide" : false,
            "borderRight" : 1,
            "borderStyle" : "solid",
            "borderTop" : 1,
            "borderWidth" : 1,
            "bottom" : null,
            "boxShadows" : [

            ],
            "brightness" : 100,
            "brightnessEnabled" : 0,
            "centerAnchorX" : 0.19090909090909092,
            "centerAnchorY" : 0.12352941176470589,
            "children" : [
              {
                "__class" : "CodeComponentNode",
                "aspectRatio" : 1,
                "blur" : 12,
                "blurEnabled" : 0,
                "blurType" : "layer",
                "borderBottom" : 1,
                "borderColor" : "#222",
                "borderEnabled" : 0,
                "borderLeft" : 1,
                "borderPerSide" : false,
                "borderRight" : 1,
                "borderStyle" : "solid",
                "borderTop" : 1,
                "borderWidth" : 1,
                "bottom" : null,
                "boxShadows" : [

                ],
                "brightness" : 100,
                "brightnessEnabled" : 0,
                "centerAnchorX" : 0.5,
                "centerAnchorY" : 0.5,
                "children" : [

                ],
                "clip" : true,
                "codeComponentIdentifier" : "@framer\/maximedegreve.tinyfaces\/.\/TinyFaces.tsx_TinyFaces",
                "codeComponentProps" : {
                  "color" : "#09F",
                  "cornerRadius" : 100,
                  "gender" : true,
                  "hasAvatar" : true,
                  "initials" : "EC",
                  "rating" : 30,
                  "text" : "#FFF"
                },
                "codeOverrideEnabled" : false,
                "constraintsLocked" : true,
                "contrast" : 100,
                "contrastEnabled" : 0,
                "exportOptions" : [

                ],
                "fillColor" : "rgba(255,255,255,1)",
                "fillEnabled" : false,
                "fillGradient" : {
                  "__class" : "LinearGradient",
                  "alpha" : 1,
                  "angle" : 0,
                  "end" : "rgba(0,0,0,0)",
                  "start" : "black"
                },
                "fillImage" : null,
                "fillImagePixelHeight" : null,
                "fillImagePixelWidth" : null,
                "fillImageResize" : "fill",
                "fillType" : "color",
                "grayscale" : 0,
                "grayScaleEnabled" : 0,
                "height" : 22,
                "heightType" : 0,
                "hueRotate" : 0,
                "hueRotateEnabled" : 0,
                "id" : "xm3gNGSiEZYGUx9bpR",
                "intrinsicHeight" : 50,
                "intrinsicWidth" : 50,
                "invert" : 0,
                "invertEnabled" : 0,
                "isExternalMaster" : null,
                "isMaster" : false,
                "left" : null,
                "locked" : false,
                "name" : null,
                "opacity" : 1,
                "originalid" : null,
                "parentid" : "xm3gNGSiEtildHEVY8",
                "radius" : 0,
                "radiusBottomLeft" : 0,
                "radiusBottomRight" : 0,
                "radiusIsRelative" : false,
                "radiusPerCorner" : false,
                "radiusTopLeft" : 0,
                "radiusTopRight" : 0,
                "replicaInfo" : null,
                "right" : null,
                "rotation" : 0,
                "saturate" : 100,
                "saturateEnabled" : 0,
                "sepia" : 0,
                "sepiaEnabled" : 0,
                "top" : null,
                "visible" : true,
                "width" : 22,
                "widthType" : 0
              },
              {
                "__class" : "FrameNode",
                "aspectRatio" : null,
                "blendingEnabled" : 0,
                "blendingMode" : "normal",
                "blur" : 12,
                "blurEnabled" : 0,
                "blurType" : "layer",
                "borderBottom" : 2,
                "borderColor" : "#4181D1",
                "borderEnabled" : 1,
                "borderLeft" : 2,
                "borderPerSide" : false,
                "borderRight" : 2,
                "borderStyle" : "solid",
                "borderTop" : 2,
                "borderWidth" : 2,
                "bottom" : 0,
                "boxShadows" : [

                ],
                "brightness" : 100,
                "brightnessEnabled" : 0,
                "centerAnchorX" : 0.5,
                "centerAnchorY" : 0.5,
                "children" : [

                ],
                "clip" : false,
                "codeOverrideEnabled" : false,
                "constraintsLocked" : false,
                "contrast" : 100,
                "contrastEnabled" : 0,
                "deviceType" : null,
                "exportOptions" : [

                ],
                "fillColor" : "rgba(0, 153, 255, 0.5)",
                "fillEnabled" : false,
                "fillGradient" : {
                  "__class" : "LinearGradient",
                  "alpha" : 1,
                  "angle" : 0,
                  "end" : "rgba(0,0,0,0)",
                  "start" : "black"
                },
                "fillImage" : null,
                "fillImagePixelHeight" : null,
                "fillImagePixelWidth" : null,
                "fillImageResize" : "fill",
                "fillType" : "color",
                "grayscale" : 0,
                "grayScaleEnabled" : 0,
                "height" : 36,
                "heightType" : 0,
                "hueRotate" : 0,
                "hueRotateEnabled" : 0,
                "id" : "xm3gNGSiECmaqYqPg6",
                "intrinsicHeight" : null,
                "intrinsicWidth" : null,
                "invert" : 0,
                "invertEnabled" : 0,
                "isExternalMaster" : null,
                "isMaster" : false,
                "isTarget" : false,
                "left" : 0,
                "locked" : false,
                "name" : null,
                "navigationTarget" : null,
                "navigationTransition" : "push",
                "navigationTransitionBackdropColor" : "rgba(4,4,15,.4)",
                "navigationTransitionDirection" : "left",
                "opacity" : 1,
                "originalid" : null,
                "parentid" : "xm3gNGSiEtildHEVY8",
                "previewSettings" : null,
                "radius" : 100,
                "radiusBottomLeft" : 100,
                "radiusBottomRight" : 100,
                "radiusIsRelative" : false,
                "radiusPerCorner" : false,
                "radiusTopLeft" : 100,
                "radiusTopRight" : 100,
                "replicaInfo" : null,
                "right" : 0,
                "rotation" : 0,
                "saturate" : 100,
                "saturateEnabled" : 0,
                "sepia" : 0,
                "sepiaEnabled" : 0,
                "top" : 0,
                "visible" : true,
                "width" : 36,
                "widthType" : 0
              }
            ],
            "clip" : false,
            "codeOverrideEnabled" : false,
            "constraintsLocked" : false,
            "contrast" : 100,
            "contrastEnabled" : 0,
            "deviceType" : null,
            "exportOptions" : [

            ],
            "fillColor" : "rgba(255,255,255,1)",
            "fillEnabled" : false,
            "fillGradient" : {
              "__class" : "LinearGradient",
              "alpha" : 1,
              "angle" : 0,
              "end" : "rgba(0,0,0,0)",
              "start" : "black"
            },
            "fillImage" : null,
            "fillImagePixelHeight" : null,
            "fillImagePixelWidth" : null,
            "fillImageResize" : "fill",
            "fillType" : "color",
            "grayscale" : 0,
            "grayScaleEnabled" : 0,
            "height" : 28,
            "heightType" : 0,
            "hueRotate" : 0,
            "hueRotateEnabled" : 0,
            "id" : "xm3gNGSiEtildHEVY8",
            "intrinsicHeight" : null,
            "intrinsicWidth" : null,
            "invert" : 0,
            "invertEnabled" : 0,
            "isExternalMaster" : null,
            "isMaster" : false,
            "isTarget" : false,
            "left" : 7,
            "locked" : false,
            "name" : null,
            "navigationTarget" : null,
            "navigationTransition" : "push",
            "navigationTransitionBackdropColor" : "rgba(4,4,15,.4)",
            "navigationTransitionDirection" : "left",
            "opacity" : 1,
            "originalid" : null,
            "parentid" : "xm3gNGSiE",
            "previewSettings" : null,
            "radius" : 0,
            "radiusBottomLeft" : 0,
            "radiusBottomRight" : 0,
            "radiusIsRelative" : false,
            "radiusPerCorner" : false,
            "radiusTopLeft" : 0,
            "radiusTopRight" : 0,
            "replicaInfo" : null,
            "right" : null,
            "rotation" : 0,
            "saturate" : 100,
            "saturateEnabled" : 0,
            "sepia" : 0,
            "sepiaEnabled" : 0,
            "top" : 7,
            "visible" : true,
            "width" : 28,
            "widthType" : 0
          }
        ],
        "clip" : false,
        "codeOverrideEnabled" : true,
        "codeOverrideFile" : ".\/App.tsx",
        "codeOverrideIdentifier" : ".\/App.tsx_StoryItem",
        "codeOverrideName" : "StoryItem",
        "constraintsLocked" : false,
        "contrast" : 100,
        "contrastEnabled" : 0,
        "deviceType" : null,
        "exportOptions" : [

        ],
        "fillColor" : "hsl(0, 66%, 53%)",
        "fillEnabled" : true,
        "fillGradient" : {
          "__class" : "LinearGradient",
          "alpha" : 1,
          "angle" : 0,
          "end" : "rgba(0,0,0,0)",
          "start" : "black"
        },
        "fillImage" : "SmxKrseB2riucdTrDgQEVDUfpbk.png",
        "fillImagePixelHeight" : 1164,
        "fillImagePixelWidth" : 780,
        "fillImageResize" : "fill",
        "fillType" : "image",
        "grayscale" : 0,
        "grayScaleEnabled" : 0,
        "height" : 170,
        "heightType" : 0,
        "hueRotate" : 0,
        "hueRotateEnabled" : 0,
        "id" : "xm3gNGSiE",
        "intrinsicHeight" : 582,
        "intrinsicWidth" : 390,
        "invert" : 0,
        "invertEnabled" : 0,
        "isExternalMaster" : null,
        "isMaster" : false,
        "isTarget" : false,
        "left" : 799,
        "locked" : false,
        "name" : "StoryItem",
        "navigationTarget" : null,
        "navigationTransition" : "push",
        "navigationTransitionBackdropColor" : "rgba(4,4,15,.4)",
        "navigationTransitionDirection" : "left",
        "opacity" : 1,
        "originalid" : null,
        "parentid" : "x8e0q7c9Q",
        "previewSettings" : null,
        "radius" : 5,
        "radiusBottomLeft" : 5,
        "radiusBottomRight" : 5,
        "radiusIsRelative" : false,
        "radiusPerCorner" : false,
        "radiusTopLeft" : 5,
        "radiusTopRight" : 5,
        "replicaInfo" : null,
        "right" : null,
        "rotation" : 0,
        "saturate" : 100,
        "saturateEnabled" : 0,
        "sepia" : 0,
        "sepiaEnabled" : 0,
        "top" : 216,
        "visible" : true,
        "width" : 110,
        "widthType" : 0
      },
      {
        "__class" : "FrameNode",
        "aspectRatio" : null,
        "blendingEnabled" : 0,
        "blendingMode" : "normal",
        "blur" : 12,
        "blurEnabled" : 0,
        "blurType" : "layer",
        "borderBottom" : 1,
        "borderColor" : "#222",
        "borderEnabled" : 0,
        "borderLeft" : 1,
        "borderPerSide" : false,
        "borderRight" : 1,
        "borderStyle" : "solid",
        "borderTop" : 1,
        "borderWidth" : 1,
        "bottom" : null,
        "boxShadows" : [

        ],
        "brightness" : 100,
        "brightnessEnabled" : 0,
        "centerAnchorX" : 0.85066666666666668,
        "centerAnchorY" : 0.56086956521739129,
        "children" : [

        ],
        "clip" : false,
        "codeOverrideEnabled" : true,
        "codeOverrideFile" : ".\/App.tsx",
        "codeOverrideIdentifier" : ".\/App.tsx_StoryItem",
        "codeOverrideName" : "StoryItem",
        "constraintsLocked" : false,
        "contrast" : 100,
        "contrastEnabled" : 0,
        "deviceType" : null,
        "exportOptions" : [

        ],
        "fillColor" : "hsl(0, 66%, 53%)",
        "fillEnabled" : true,
        "fillGradient" : {
          "__class" : "LinearGradient",
          "alpha" : 1,
          "angle" : 0,
          "end" : "rgba(0,0,0,0)",
          "start" : "black"
        },
        "fillImage" : "SmxKrseB2riucdTrDgQEVDUfpbk.png",
        "fillImagePixelHeight" : 1164,
        "fillImagePixelWidth" : 780,
        "fillImageResize" : "fill",
        "fillType" : "image",
        "grayscale" : 0,
        "grayScaleEnabled" : 0,
        "height" : 170,
        "heightType" : 0,
        "hueRotate" : 0,
        "hueRotateEnabled" : 0,
        "id" : "A9D50Uh8l",
        "intrinsicHeight" : 582,
        "intrinsicWidth" : 390,
        "invert" : 0,
        "invertEnabled" : 0,
        "isExternalMaster" : null,
        "isMaster" : false,
        "isTarget" : false,
        "left" : 761,
        "locked" : false,
        "name" : "StoryItem",
        "navigationTarget" : null,
        "navigationTransition" : "push",
        "navigationTransitionBackdropColor" : "rgba(4,4,15,.4)",
        "navigationTransitionDirection" : "left",
        "opacity" : 1,
        "originalid" : "nRNcDdQLV",
        "parentid" : "x8e0q7c9Q",
        "previewSettings" : null,
        "radius" : 5,
        "radiusBottomLeft" : 5,
        "radiusBottomRight" : 5,
        "radiusIsRelative" : false,
        "radiusPerCorner" : false,
        "radiusTopLeft" : 5,
        "radiusTopRight" : 5,
        "replicaInfo" : {
          "master" : "nRNcDdQLV",
          "overrides" : {
            "nRNcDdQLV" : {
              "bottom" : null,
              "centerAnchorX" : 0.85066666666666668,
              "centerAnchorY" : 0.56086956521739129,
              "constraintsLocked" : false,
              "height" : 170,
              "left" : 761,
              "right" : null,
              "top" : 681
            }
          }
        },
        "right" : null,
        "rotation" : 0,
        "saturate" : 100,
        "saturateEnabled" : 0,
        "sepia" : 0,
        "sepiaEnabled" : 0,
        "top" : 681,
        "visible" : true,
        "width" : 110,
        "widthType" : 0
      },
      {
        "__class" : "FrameNode",
        "aspectRatio" : null,
        "blendingEnabled" : 0,
        "blendingMode" : "normal",
        "blur" : 12,
        "blurEnabled" : 0,
        "blurType" : "layer",
        "borderBottom" : 1,
        "borderColor" : "#222",
        "borderEnabled" : 0,
        "borderLeft" : 1,
        "borderPerSide" : false,
        "borderRight" : 1,
        "borderStyle" : "solid",
        "borderTop" : 1,
        "borderWidth" : 1,
        "bottom" : null,
        "boxShadows" : [

        ],
        "brightness" : 100,
        "brightnessEnabled" : 0,
        "centerAnchorX" : 0.5,
        "centerAnchorY" : 0.5,
        "children" : [
          {
            "__class" : "FrameNode",
            "aspectRatio" : 1,
            "blendingEnabled" : 0,
            "blendingMode" : "normal",
            "blur" : 12,
            "blurEnabled" : 0,
            "blurType" : "layer",
            "borderBottom" : 1,
            "borderColor" : "#222",
            "borderEnabled" : 0,
            "borderLeft" : 1,
            "borderPerSide" : false,
            "borderRight" : 1,
            "borderStyle" : "solid",
            "borderTop" : 1,
            "borderWidth" : 1,
            "bottom" : null,
            "boxShadows" : [

            ],
            "brightness" : 100,
            "brightnessEnabled" : 0,
            "centerAnchorX" : 0.2808988764044944,
            "centerAnchorY" : 0.18796992481203006,
            "children" : [
              {
                "__class" : "CodeComponentNode",
                "aspectRatio" : 1,
                "blur" : 12,
                "blurEnabled" : 0,
                "blurType" : "layer",
                "borderBottom" : 1,
                "borderColor" : "#222",
                "borderEnabled" : 0,
                "borderLeft" : 1,
                "borderPerSide" : false,
                "borderRight" : 1,
                "borderStyle" : "solid",
                "borderTop" : 1,
                "borderWidth" : 1,
                "bottom" : null,
                "boxShadows" : [

                ],
                "brightness" : 100,
                "brightnessEnabled" : 0,
                "centerAnchorX" : 0.5,
                "centerAnchorY" : 0.5,
                "children" : [

                ],
                "clip" : true,
                "codeComponentIdentifier" : "@framer\/maximedegreve.tinyfaces\/.\/TinyFaces.tsx_TinyFaces",
                "codeComponentProps" : {
                  "color" : "#09F",
                  "cornerRadius" : 100,
                  "gender" : true,
                  "hasAvatar" : true,
                  "initials" : "EC",
                  "rating" : 30,
                  "text" : "#FFF"
                },
                "codeOverrideEnabled" : false,
                "constraintsLocked" : true,
                "contrast" : 100,
                "contrastEnabled" : 0,
                "exportOptions" : [

                ],
                "fillColor" : "rgba(255,255,255,1)",
                "fillEnabled" : false,
                "fillGradient" : {
                  "__class" : "LinearGradient",
                  "alpha" : 1,
                  "angle" : 0,
                  "end" : "rgba(0,0,0,0)",
                  "start" : "black"
                },
                "fillImage" : null,
                "fillImagePixelHeight" : null,
                "fillImagePixelWidth" : null,
                "fillImageResize" : "fill",
                "fillType" : "color",
                "grayscale" : 0,
                "grayScaleEnabled" : 0,
                "height" : 22,
                "heightType" : 0,
                "hueRotate" : 0,
                "hueRotateEnabled" : 0,
                "id" : "ZYGUx9bpR",
                "intrinsicHeight" : 50,
                "intrinsicWidth" : 50,
                "invert" : 0,
                "invertEnabled" : 0,
                "left" : null,
                "locked" : false,
                "name" : null,
                "opacity" : 1,
                "originalid" : null,
                "parentid" : "tildHEVY8",
                "radius" : 0,
                "radiusBottomLeft" : 0,
                "radiusBottomRight" : 0,
                "radiusIsRelative" : false,
                "radiusPerCorner" : false,
                "radiusTopLeft" : 0,
                "radiusTopRight" : 0,
                "right" : null,
                "rotation" : 0,
                "saturate" : 100,
                "saturateEnabled" : 0,
                "sepia" : 0,
                "sepiaEnabled" : 0,
                "top" : null,
                "visible" : true,
                "width" : 22,
                "widthType" : 0
              },
              {
                "__class" : "FrameNode",
                "aspectRatio" : null,
                "blendingEnabled" : 0,
                "blendingMode" : "normal",
                "blur" : 12,
                "blurEnabled" : 0,
                "blurType" : "layer",
                "borderBottom" : 2,
                "borderColor" : "#4181D1",
                "borderEnabled" : 1,
                "borderLeft" : 2,
                "borderPerSide" : false,
                "borderRight" : 2,
                "borderStyle" : "solid",
                "borderTop" : 2,
                "borderWidth" : 2,
                "bottom" : 0,
                "boxShadows" : [

                ],
                "brightness" : 100,
                "brightnessEnabled" : 0,
                "centerAnchorX" : 0.5,
                "centerAnchorY" : 0.5,
                "children" : [

                ],
                "clip" : false,
                "codeOverrideEnabled" : false,
                "constraintsLocked" : false,
                "contrast" : 100,
                "contrastEnabled" : 0,
                "deviceType" : null,
                "exportOptions" : [

                ],
                "fillColor" : "rgba(0, 153, 255, 0.5)",
                "fillEnabled" : false,
                "fillGradient" : {
                  "__class" : "LinearGradient",
                  "alpha" : 1,
                  "angle" : 0,
                  "end" : "rgba(0,0,0,0)",
                  "start" : "black"
                },
                "fillImage" : null,
                "fillImagePixelHeight" : null,
                "fillImagePixelWidth" : null,
                "fillImageResize" : "fill",
                "fillType" : "color",
                "grayscale" : 0,
                "grayScaleEnabled" : 0,
                "height" : 36,
                "heightType" : 0,
                "hueRotate" : 0,
                "hueRotateEnabled" : 0,
                "id" : "CmaqYqPg6",
                "intrinsicHeight" : null,
                "intrinsicWidth" : null,
                "invert" : 0,
                "invertEnabled" : 0,
                "isExternalMaster" : null,
                "isMaster" : false,
                "isTarget" : false,
                "left" : 0,
                "locked" : false,
                "name" : null,
                "navigationTarget" : null,
                "navigationTransition" : "push",
                "navigationTransitionBackdropColor" : "rgba(4,4,15,.4)",
                "navigationTransitionDirection" : "left",
                "opacity" : 1,
                "originalid" : null,
                "parentid" : "tildHEVY8",
                "previewSettings" : null,
                "radius" : 100,
                "radiusBottomLeft" : 100,
                "radiusBottomRight" : 100,
                "radiusIsRelative" : false,
                "radiusPerCorner" : false,
                "radiusTopLeft" : 100,
                "radiusTopRight" : 100,
                "replicaInfo" : null,
                "right" : 0,
                "rotation" : 0,
                "saturate" : 100,
                "saturateEnabled" : 0,
                "sepia" : 0,
                "sepiaEnabled" : 0,
                "top" : 0,
                "visible" : true,
                "width" : 36,
                "widthType" : 0
              }
            ],
            "clip" : false,
            "codeOverrideEnabled" : false,
            "constraintsLocked" : false,
            "contrast" : 100,
            "contrastEnabled" : 0,
            "deviceType" : null,
            "exportOptions" : [

            ],
            "fillColor" : "rgba(255,255,255,1)",
            "fillEnabled" : false,
            "fillGradient" : {
              "__class" : "LinearGradient",
              "alpha" : 1,
              "angle" : 0,
              "end" : "rgba(0,0,0,0)",
              "start" : "black"
            },
            "fillImage" : null,
            "fillImagePixelHeight" : null,
            "fillImagePixelWidth" : null,
            "fillImageResize" : "fill",
            "fillType" : "color",
            "grayscale" : 0,
            "grayScaleEnabled" : 0,
            "height" : 28,
            "heightType" : 0,
            "hueRotate" : 0,
            "hueRotateEnabled" : 0,
            "id" : "tildHEVY8",
            "intrinsicHeight" : null,
            "intrinsicWidth" : null,
            "invert" : 0,
            "invertEnabled" : 0,
            "isExternalMaster" : null,
            "isMaster" : false,
            "isTarget" : false,
            "left" : 7,
            "locked" : false,
            "name" : null,
            "navigationTarget" : null,
            "navigationTransition" : "push",
            "navigationTransitionBackdropColor" : "rgba(4,4,15,.4)",
            "navigationTransitionDirection" : "left",
            "opacity" : 1,
            "originalid" : null,
            "parentid" : "nRNcDdQLV",
            "previewSettings" : null,
            "radius" : 0,
            "radiusBottomLeft" : 0,
            "radiusBottomRight" : 0,
            "radiusIsRelative" : false,
            "radiusPerCorner" : false,
            "radiusTopLeft" : 0,
            "radiusTopRight" : 0,
            "replicaInfo" : null,
            "right" : null,
            "rotation" : 0,
            "saturate" : 100,
            "saturateEnabled" : 0,
            "sepia" : 0,
            "sepiaEnabled" : 0,
            "top" : 7,
            "visible" : true,
            "width" : 28,
            "widthType" : 0
          }
        ],
        "clip" : false,
        "codeOverrideEnabled" : true,
        "codeOverrideFile" : ".\/App.tsx",
        "codeOverrideIdentifier" : ".\/App.tsx_StoryItem",
        "codeOverrideName" : "StoryItem",
        "constraintsLocked" : true,
        "contrast" : 100,
        "contrastEnabled" : 0,
        "deviceType" : null,
        "exportOptions" : [

        ],
        "fillColor" : "hsl(0, 66%, 53%)",
        "fillEnabled" : true,
        "fillGradient" : {
          "__class" : "LinearGradient",
          "alpha" : 1,
          "angle" : 0,
          "end" : "rgba(0,0,0,0)",
          "start" : "black"
        },
        "fillImage" : "SmxKrseB2riucdTrDgQEVDUfpbk.png",
        "fillImagePixelHeight" : 1164,
        "fillImagePixelWidth" : 780,
        "fillImageResize" : "fill",
        "fillType" : "image",
        "grayscale" : 0,
        "grayScaleEnabled" : 0,
        "height" : 170,
        "heightType" : 0,
        "hueRotate" : 0,
        "hueRotateEnabled" : 0,
        "id" : "nRNcDdQLV",
        "intrinsicHeight" : 582,
        "intrinsicWidth" : 390,
        "invert" : 0,
        "invertEnabled" : 0,
        "isExternalMaster" : null,
        "isMaster" : true,
        "isTarget" : false,
        "left" : 513,
        "locked" : false,
        "name" : "StoryItem",
        "navigationTarget" : null,
        "navigationTransition" : "push",
        "navigationTransitionBackdropColor" : "rgba(4,4,15,.4)",
        "navigationTransitionDirection" : "left",
        "opacity" : 1,
        "originalid" : null,
        "parentid" : "x8e0q7c9Q",
        "previewSettings" : null,
        "radius" : 5,
        "radiusBottomLeft" : 5,
        "radiusBottomRight" : 5,
        "radiusIsRelative" : false,
        "radiusPerCorner" : false,
        "radiusTopLeft" : 5,
        "radiusTopRight" : 5,
        "replicaInfo" : null,
        "right" : null,
        "rotation" : 0,
        "saturate" : 100,
        "saturateEnabled" : 0,
        "sepia" : 0,
        "sepiaEnabled" : 0,
        "top" : 145,
        "visible" : true,
        "width" : 110,
        "widthType" : 0
      },
      {
        "__class" : "FrameNode",
        "aspectRatio" : null,
        "blendingEnabled" : 0,
        "blendingMode" : "normal",
        "blur" : 12,
        "blurEnabled" : 0,
        "blurType" : "layer",
        "borderBottom" : 1,
        "borderColor" : "#222",
        "borderEnabled" : 0,
        "borderLeft" : 1,
        "borderPerSide" : false,
        "borderRight" : 1,
        "borderStyle" : "solid",
        "borderTop" : 1,
        "borderWidth" : 1,
        "bottom" : null,
        "boxShadows" : [

        ],
        "brightness" : 100,
        "brightnessEnabled" : 0,
        "centerAnchorX" : 0.93600000000000005,
        "centerAnchorY" : 1.1521739130434783,
        "children" : [

        ],
        "clip" : false,
        "codeOverrideEnabled" : true,
        "codeOverrideFile" : ".\/App.tsx",
        "codeOverrideIdentifier" : ".\/App.tsx_StoryItem",
        "codeOverrideName" : "StoryItem",
        "constraintsLocked" : false,
        "contrast" : 100,
        "contrastEnabled" : 0,
        "deviceType" : null,
        "exportOptions" : [

        ],
        "fillColor" : "hsl(0, 66%, 53%)",
        "fillEnabled" : true,
        "fillGradient" : {
          "__class" : "LinearGradient",
          "alpha" : 1,
          "angle" : 0,
          "end" : "rgba(0,0,0,0)",
          "start" : "black"
        },
        "fillImage" : "g4XQyKphw150lbhrW6EzjAAO8I.png",
        "fillImagePixelHeight" : 1072,
        "fillImagePixelWidth" : 738,
        "fillImageResize" : "fill",
        "fillType" : "image",
        "grayscale" : 0,
        "grayScaleEnabled" : 0,
        "height" : 170,
        "heightType" : 0,
        "hueRotate" : 0,
        "hueRotateEnabled" : 0,
        "id" : "JXCal3jrc",
        "intrinsicHeight" : 536,
        "intrinsicWidth" : 369,
        "invert" : 0,
        "invertEnabled" : 0,
        "isExternalMaster" : null,
        "isMaster" : false,
        "isTarget" : false,
        "left" : 513,
        "locked" : false,
        "name" : "StoryItem",
        "navigationTarget" : null,
        "navigationTransition" : "push",
        "navigationTransitionBackdropColor" : "rgba(4,4,15,.4)",
        "navigationTransitionDirection" : "left",
        "opacity" : 1,
        "originalid" : "nRNcDdQLV",
        "parentid" : "x8e0q7c9Q",
        "previewSettings" : null,
        "radius" : 5,
        "radiusBottomLeft" : 5,
        "radiusBottomRight" : 5,
        "radiusIsRelative" : false,
        "radiusPerCorner" : false,
        "radiusTopLeft" : 5,
        "radiusTopRight" : 5,
        "replicaInfo" : {
          "master" : "nRNcDdQLV",
          "overrides" : {
            "nRNcDdQLV" : {
              "bottom" : null,
              "centerAnchorX" : 0.93600000000000005,
              "centerAnchorY" : 1.1521739130434783,
              "constraintsLocked" : false,
              "fillImage" : "g4XQyKphw150lbhrW6EzjAAO8I.png",
              "fillImagePixelHeight" : 1072,
              "fillImagePixelWidth" : 738,
              "height" : 170,
              "intrinsicHeight" : 536,
              "intrinsicWidth" : 369,
              "left" : 513,
              "right" : null,
              "top" : 576
            }
          }
        },
        "right" : null,
        "rotation" : 0,
        "saturate" : 100,
        "saturateEnabled" : 0,
        "sepia" : 0,
        "sepiaEnabled" : 0,
        "top" : 576,
        "visible" : true,
        "width" : 110,
        "widthType" : 0
      },
      {
        "__class" : "FrameNode",
        "aspectRatio" : 1,
        "blendingEnabled" : 0,
        "blendingMode" : "normal",
        "blur" : 12,
        "blurEnabled" : 0,
        "blurType" : "layer",
        "borderBottom" : 1,
        "borderColor" : "#222",
        "borderEnabled" : 0,
        "borderLeft" : 1,
        "borderPerSide" : false,
        "borderRight" : 1,
        "borderStyle" : "solid",
        "borderTop" : 1,
        "borderWidth" : 1,
        "bottom" : null,
        "boxShadows" : [

        ],
        "brightness" : 100,
        "brightnessEnabled" : 0,
        "centerAnchorX" : 0.25,
        "centerAnchorY" : 1.375,
        "children" : [
          {
            "__class" : "SVGNode",
            "aspectRatio" : 1,
            "blendingEnabled" : 0,
            "blendingMode" : "normal",
            "blur" : 12,
            "blurEnabled" : 0,
            "blurType" : "layer",
            "bottom" : null,
            "brightness" : 100,
            "brightnessEnabled" : 0,
            "centerAnchorX" : 0.5,
            "centerAnchorY" : 0.5,
            "children" : [

            ],
            "colorable" : true,
            "constraintsLocked" : false,
            "contrast" : 100,
            "contrastEnabled" : 0,
            "exportOptions" : [
              {
                "__class" : "ExportOptions",
                "enabled" : true,
                "nameExtension" : "",
                "nameExtensionMode" : "Suffix",
                "scale" : 1,
                "type" : "png"
              }
            ],
            "fillColor" : "#555555",
            "fillGradient" : {
              "__class" : "LinearGradient",
              "alpha" : 1,
              "angle" : 0,
              "end" : "rgba(0,0,0,0)",
              "start" : "black"
            },
            "fillImage" : null,
            "fillImagePixelHeight" : null,
            "fillImagePixelWidth" : null,
            "fillImageResize" : "fill",
            "fillType" : "color",
            "grayscale" : 0,
            "grayScaleEnabled" : 0,
            "height" : 24,
            "heightType" : 0,
            "hueRotate" : 0,
            "hueRotateEnabled" : 0,
            "id" : "@framer\/tryjohnny.avataaars-@framer\/tryjohnny.avataaars-@framer\/stephenv.ahoy-icons-@framer\/colebemis.feather-icons-AQONeGMFK-@framer\/tryjohnny.avataaars-@framer\/stephenv.ahoy-icons-@framer\/colebemis.feather-icons-KTEQr_Dpj",
            "intrinsicHeight" : 24,
            "intrinsicWidth" : 24,
            "invert" : 0,
            "invertEnabled" : 0,
            "left" : 0,
            "locked" : false,
            "name" : null,
            "opacity" : 1,
            "originalFilename" : "activity.svg",
            "originalid" : null,
            "parentid" : "@framer\/tryjohnny.avataaars-@framer\/tryjohnny.avataaars-@framer\/stephenv.ahoy-icons-@framer\/colebemis.feather-icons-AQONeGMFK",
            "right" : 0,
            "rotation" : 0,
            "saturate" : 100,
            "saturateEnabled" : 0,
            "sepia" : 0,
            "sepiaEnabled" : 0,
            "shadows" : [

            ],
            "svg" : "<?xml version=\"1.0\"?><svg xmlns=\"http:\/\/www.w3.org\/2000\/svg\" width=\"24\" height=\"24\" fill=\"none\" stroke=\"currentColor\" stroke-width=\"2\" stroke-linecap=\"round\" stroke-linejoin=\"round\" class=\"feather feather-activity\"><path d=\"M22 12h-4l-3 9L9 3l-3 9H2\"><\/path><\/svg>",
            "top" : 0,
            "visible" : true,
            "width" : 24,
            "widthType" : 0
          }
        ],
        "clip" : true,
        "codeOverrideEnabled" : false,
        "constraintsLocked" : false,
        "contrast" : 100,
        "contrastEnabled" : 0,
        "deviceType" : null,
        "exportOptions" : [
          {
            "__class" : "ExportOptions",
            "enabled" : true,
            "nameExtension" : "",
            "nameExtensionMode" : "Suffix",
            "scale" : 1,
            "type" : "png"
          }
        ],
        "fillColor" : "rgba(255,255,255,1)",
        "fillEnabled" : false,
        "fillGradient" : {
          "__class" : "LinearGradient",
          "alpha" : 1,
          "angle" : 0,
          "end" : "rgba(0,0,0,0)",
          "start" : "black"
        },
        "fillImage" : null,
        "fillImagePixelHeight" : null,
        "fillImagePixelWidth" : null,
        "fillImageResize" : "fill",
        "fillType" : "color",
        "grayscale" : 0,
        "grayScaleEnabled" : 0,
        "height" : 24,
        "heightType" : 0,
        "hueRotate" : 0,
        "hueRotateEnabled" : 0,
        "id" : "@framer\/tryjohnny.avataaars-@framer\/tryjohnny.avataaars-@framer\/stephenv.ahoy-icons-@framer\/colebemis.feather-icons-AQONeGMFK",
        "intrinsicHeight" : null,
        "intrinsicWidth" : null,
        "invert" : 0,
        "invertEnabled" : 0,
        "isExternalMaster" : "@framer\/tryjohnny.avataaars",
        "isMaster" : true,
        "isTarget" : false,
        "left" : 0,
        "locked" : false,
        "name" : "activity",
        "navigationTarget" : null,
        "navigationTransition" : "push",
        "navigationTransitionBackdropColor" : "rgba(4,4,15,.4)",
        "navigationTransitionDirection" : "left",
        "opacity" : 1,
        "originalid" : null,
        "parentid" : "x8e0q7c9Q",
        "previewSettings" : null,
        "radius" : 0,
        "radiusBottomLeft" : 0,
        "radiusBottomRight" : 0,
        "radiusIsRelative" : false,
        "radiusPerCorner" : false,
        "radiusTopLeft" : 0,
        "radiusTopRight" : 0,
        "replicaInfo" : null,
        "right" : null,
        "rotation" : 0,
        "saturate" : 100,
        "saturateEnabled" : 0,
        "sepia" : 0,
        "sepiaEnabled" : 0,
        "top" : 0,
        "visible" : true,
        "width" : 24,
        "widthType" : 0
      }
    ],
    "id" : "x8e0q7c9Q",
    "name" : null,
    "originalid" : null,
    "parentid" : null,
    "visible" : false
  },
  "version" : 47
}